{"cameraMode":{"drawMode":0,"name":"Shaded","section":"Shading Mode"},"sceneLighting":false,"audioPlay":false,"sceneViewState":{"showFog":true,"showMaterialUpdate":false,"showSkybox":true,"showFlares":true,"showImageEffects":true,"showParticleSystems":true},"in2DMode":false,"pivot":{"x":14.442575454711914,"y":-4.95225715637207,"z":31.912385940551759},"rotation":{"x":-0.136757493019104,"y":-0.1256662905216217,"z":0.01749212108552456,"w":-0.9824617505073547},"size":23.614837646484376,"orthographic":false}