{"cameraMode":{"drawMode":0,"name":"Shaded","section":"Shading Mode"},"sceneLighting":false,"audioPlay":false,"sceneViewState":{"showFog":true,"showMaterialUpdate":false,"showSkybox":true,"showFlares":true,"showImageEffects":true,"showParticleSystems":true},"in2DMode":false,"pivot":{"x":8.339200019836426,"y":-6.293796539306641,"z":-10.617213249206543},"rotation":{"x":-0.0072619193233549599,"y":-0.9797409176826477,"z":0.19688045978546143,"w":-0.03616410493850708},"size":22.19430923461914,"orthographic":false}