{"cameraMode":{"drawMode":0,"name":"Shaded","section":"Shading Mode"},"sceneLighting":false,"audioPlay":false,"sceneViewState":{"showFog":true,"showMaterialUpdate":false,"showSkybox":true,"showFlares":true,"showImageEffects":true,"showParticleSystems":true},"in2DMode":false,"pivot":{"x":10.215004920959473,"y":-4.958528995513916,"z":13.67681884765625},"rotation":{"x":-0.33038556575775149,"y":0.1868564784526825,"z":-0.06687372177839279,"w":-0.9227699041366577},"size":11.012617111206055,"orthographic":false}