{"cameraMode":{"drawMode":0,"name":"Shaded","section":"Shading Mode"},"sceneLighting":false,"audioPlay":false,"sceneViewState":{"showFog":true,"showMaterialUpdate":false,"showSkybox":true,"showFlares":true,"showImageEffects":true,"showParticleSystems":true},"in2DMode":false,"pivot":{"x":0.9969806671142578,"y":1.6396775245666505,"z":-7.927486896514893},"rotation":{"x":0.19328205287456513,"y":-0.3846679627895355,"z":0.08272001147270203,"w":0.8988434076309204},"size":7.908073902130127,"orthographic":false}