{"cameraMode":{"drawMode":0,"name":"Shaded","section":"Shading Mode"},"sceneLighting":false,"audioPlay":false,"sceneViewState":{"showFog":true,"showMaterialUpdate":false,"showSkybox":true,"showFlares":true,"showImageEffects":true,"showParticleSystems":true},"in2DMode":false,"pivot":{"x":-0.10683286190032959,"y":0.44885843992233279,"z":-9.618993759155274},"rotation":{"x":0.12236172705888748,"y":0.7142319083213806,"z":-0.1290939897298813,"w":0.6770297288894653},"size":1.0442543029785157,"orthographic":false}