{"cameraMode":{"drawMode":0,"name":"Shaded","section":"Shading Mode"},"sceneLighting":false,"audioPlay":false,"sceneViewState":{"showFog":true,"showMaterialUpdate":false,"showSkybox":true,"showFlares":true,"showImageEffects":true,"showParticleSystems":true},"in2DMode":false,"pivot":{"x":1.5313515663146973,"y":-3.893458843231201,"z":-13.422124862670899},"rotation":{"x":0.016765639185905458,"y":-0.983051061630249,"z":0.11884420365095139,"w":0.13863898813724519},"size":21.290258407592775,"orthographic":false}