{"cameraMode":{"drawMode":0,"name":"Shaded","section":"Shading Mode"},"sceneLighting":false,"audioPlay":false,"sceneViewState":{"showFog":true,"showMaterialUpdate":false,"showSkybox":true,"showFlares":true,"showImageEffects":true,"showParticleSystems":true},"in2DMode":false,"pivot":{"x":16.263038635253908,"y":4.332798004150391,"z":24.306079864501954},"rotation":{"x":-0.14784668385982514,"y":0.4905448853969574,"z":-0.08486691117286682,"w":-0.8545786738395691},"size":925.8905639648438,"orthographic":false}