{"cameraMode":{"drawMode":0,"name":"Shaded","section":"Shading Mode"},"sceneLighting":false,"audioPlay":false,"sceneViewState":{"showFog":true,"showMaterialUpdate":false,"showSkybox":true,"showFlares":true,"showImageEffects":true,"showParticleSystems":true},"in2DMode":false,"pivot":{"x":4.58273458480835,"y":-6.235373497009277,"z":-10.570884704589844},"rotation":{"x":0.011382320895791054,"y":-0.9795713424682617,"z":0.1922638863325119,"w":0.05796494334936142},"size":22.14936637878418,"orthographic":false}