{"cameraMode":{"drawMode":0,"name":"Shaded","section":"Shading Mode"},"sceneLighting":false,"audioPlay":false,"sceneViewState":{"showFog":true,"showMaterialUpdate":false,"showSkybox":true,"showFlares":true,"showImageEffects":true,"showParticleSystems":true},"in2DMode":false,"pivot":{"x":707.20361328125,"y":326.05267333984377,"z":22.83298683166504},"rotation":{"x":-0.02430593967437744,"y":-0.009899980388581753,"z":0.00024065494653768837,"w":-0.9996550679206848},"size":1427.510498046875,"orthographic":false}