{"cameraMode":{"drawMode":0,"name":"Shaded","section":"Shading Mode"},"sceneLighting":false,"audioPlay":false,"sceneViewState":{"showFog":true,"showMaterialUpdate":false,"showSkybox":true,"showFlares":true,"showImageEffects":true,"showParticleSystems":true},"in2DMode":false,"pivot":{"x":10.667402267456055,"y":6.176284313201904,"z":-3.921095848083496},"rotation":{"x":-0.00490493094548583,"y":0.9905766248703003,"z":0.036856915801763538,"w":0.13182440400123597},"size":11.925186157226563,"orthographic":false}