{"cameraMode":{"drawMode":0,"name":"Shaded","section":"Shading Mode"},"sceneLighting":false,"audioPlay":false,"sceneViewState":{"showFog":true,"showMaterialUpdate":false,"showSkybox":true,"showFlares":true,"showImageEffects":true,"showParticleSystems":true},"in2DMode":false,"pivot":{"x":238.4497528076172,"y":333.1611633300781,"z":-69.72467041015625},"rotation":{"x":-0.0767073780298233,"y":-0.026321934536099435,"z":0.002025727881118655,"w":-0.9967042803764343},"size":591.050048828125,"orthographic":false}