{"cameraMode":{"drawMode":0,"name":"Shaded","section":"Shading Mode"},"sceneLighting":false,"audioPlay":false,"sceneViewState":{"showFog":true,"showMaterialUpdate":false,"showSkybox":true,"showFlares":true,"showImageEffects":true,"showParticleSystems":true},"in2DMode":false,"pivot":{"x":0.273984432220459,"y":0.7589924335479736,"z":-9.662503242492676},"rotation":{"x":-0.23502059280872346,"y":-0.18613237142562867,"z":0.04590858891606331,"w":-0.9529055953025818},"size":3.955864667892456,"orthographic":false}