{"cameraMode":{"drawMode":0,"name":"Shaded","section":"Shading Mode"},"sceneLighting":false,"audioPlay":false,"sceneViewState":{"showFog":true,"showMaterialUpdate":false,"showSkybox":true,"showFlares":true,"showImageEffects":true,"showParticleSystems":true},"in2DMode":false,"pivot":{"x":-13.383193969726563,"y":-57.93566131591797,"z":-75.38642120361328},"rotation":{"x":-0.03283785283565521,"y":0.9512311220169067,"z":-0.28677335381507876,"w":-0.10892677307128906},"size":113.88880920410156,"orthographic":false}