{"cameraMode":{"drawMode":0,"name":"Shaded","section":"Shading Mode"},"sceneLighting":false,"audioPlay":false,"sceneViewState":{"showFog":true,"showMaterialUpdate":false,"showSkybox":true,"showFlares":true,"showImageEffects":true,"showParticleSystems":true},"in2DMode":false,"pivot":{"x":250.64675903320313,"y":328.05059814453127,"z":-15.263580322265625},"rotation":{"x":-0.02319043129682541,"y":0.9766489863395691,"z":-0.1404285877943039,"w":-0.1611279398202896},"size":292.9303894042969,"orthographic":false}