{"cameraMode":{"drawMode":0,"name":"Shaded","section":"Shading Mode"},"sceneLighting":false,"audioPlay":false,"sceneViewState":{"showFog":true,"showMaterialUpdate":false,"showSkybox":true,"showFlares":true,"showImageEffects":true,"showParticleSystems":true},"in2DMode":false,"pivot":{"x":-13.203872680664063,"y":-3.949937343597412,"z":10.075945854187012},"rotation":{"x":-0.20339767634868623,"y":0.48740851879119875,"z":-0.1178879365324974,"w":-0.8409448862075806},"size":22.73577308654785,"orthographic":false}