{"cameraMode":{"drawMode":0,"name":"Shaded","section":"Shading Mode"},"sceneLighting":false,"audioPlay":false,"sceneViewState":{"showFog":true,"showMaterialUpdate":false,"showSkybox":true,"showFlares":true,"showImageEffects":true,"showParticleSystems":true},"in2DMode":false,"pivot":{"x":177.50173950195313,"y":325.28228759765627,"z":-7.892364501953125},"rotation":{"x":0.12442667037248612,"y":-0.032118745148181918,"z":0.004029612988233566,"w":0.9917462468147278},"size":644.0112915039063,"orthographic":false}