{"cameraMode":{"drawMode":0,"name":"Shaded","section":"Shading Mode"},"sceneLighting":false,"audioPlay":false,"sceneViewState":{"showFog":true,"showMaterialUpdate":false,"showSkybox":true,"showFlares":true,"showImageEffects":true,"showParticleSystems":true},"in2DMode":false,"pivot":{"x":3.6411798000335695,"y":-2.629112958908081,"z":1.612991213798523},"rotation":{"x":-0.002384311519563198,"y":0.9845263361930847,"z":-0.1748959720134735,"w":-0.013298639096319676},"size":13.66819953918457,"orthographic":false}